[
  {
    "id": "38930eb4-9d2f-4183-98ae-c34e9b82ad20",
    "data": [
      {
        "text": "Is that all you can say?",
        "userDefined": false
      }
    ],
    "isTemplate": false,
    "count": 0,
    "lang": "en",
    "updated": 0
  },
  {
    "id": "8207062d-0d16-4687-b428-396d76405781",
    "data": [
      {
        "text": "Is that all you have to say?",
        "userDefined": false
      }
    ],
    "isTemplate": false,
    "count": 0,
    "lang": "en",
    "updated": 0
  },
  {
    "id": "3b5741b6-78c8-43f0-80f4-b283d3402396",
    "data": [
      {
        "text": "Are you finished?",
        "userDefined": false
      }
    ],
    "isTemplate": false,
    "count": 0,
    "lang": "en",
    "updated": 0
  },
  {
    "id": "56a69f13-8c54-4a2a-961c-e3da6239c9ba",
    "data": [
      {
        "text": "Any more?",
        "userDefined": false
      }
    ],
    "isTemplate": false,
    "count": 0,
    "lang": "en",
    "updated": 0
  },
  {
    "id": "120f0cd1-82b4-4fc0-b47b-355817a116df",
    "data": [
      {
        "text": "Anything else?",
        "userDefined": false
      }
    ],
    "isTemplate": false,
    "count": 0,
    "lang": "en",
    "updated": 0
  },
  {
    "id": "2960e2d1-116d-4c37-858d-f5b4b5f58910",
    "data": [
      {
        "text": "Are you done?",
        "userDefined": false
      }
    ],
    "isTemplate": false,
    "count": 0,
    "lang": "en",
    "updated": 0
  },
  {
    "id": "ea29e2bf-1d2a-4a8b-8fb8-31a8e25c7197",
    "data": [
      {
        "text": "Is that all?",
        "userDefined": false
      }
    ],
    "isTemplate": false,
    "count": 0,
    "lang": "en",
    "updated": 0
  }
]