[
  {
    "id": "db04b7fc-a32c-425c-95e7-621ade931f75",
    "data": [
      {
        "text": "What program do you use?",
        "userDefined": false
      }
    ],
    "isTemplate": false,
    "count": 0,
    "lang": "en",
    "updated": 0
  },
  {
    "id": "c9fd19c1-8479-40c4-89ec-a9aa89f5ace5",
    "data": [
      {
        "text": "How do you work?",
        "userDefined": false
      }
    ],
    "isTemplate": false,
    "count": 0,
    "lang": "en",
    "updated": 0
  },
  {
    "id": "9db50b08-fe7d-44ed-8e0f-b680b860ac2f",
    "data": [
      {
        "text": "Are you a human?",
        "userDefined": false
      }
    ],
    "isTemplate": false,
    "count": 0,
    "lang": "en",
    "updated": 0
  },
  {
    "id": "3ba3b61c-7ce5-4677-8d6b-3c8f5ed367bb",
    "data": [
      {
        "text": "Are you intelligent?",
        "userDefined": false
      }
    ],
    "isTemplate": false,
    "count": 0,
    "lang": "en",
    "updated": 0
  },
  {
    "id": "8cc4e252-28f4-4c9c-9706-e5991a197c82",
    "data": [
      {
        "text": "Are you AI?",
        "userDefined": false
      }
    ],
    "isTemplate": false,
    "count": 0,
    "lang": "en",
    "updated": 0
  }
]