[
  {
    "id": "14c1008c-1de4-4066-9d6e-62adf1edd4d8",
    "data": [
      {
        "text": "Give me an introduction",
        "userDefined": false
      }
    ],
    "isTemplate": false,
    "count": 0,
    "lang": "en",
    "updated": 0
  },
  {
    "id": "0f7b6806-5f95-4f20-95ae-a33243533798",
    "data": [
      {
        "text": "Introduce yourself",
        "userDefined": false
      }
    ],
    "isTemplate": false,
    "count": 0,
    "lang": "en",
    "updated": 0
  },
  {
    "id": "bbbf4a9a-cbd0-4efa-a327-16b8f4e2edb4",
    "data": [
      {
        "text": "Tell me about yourself",
        "userDefined": false
      }
    ],
    "isTemplate": false,
    "count": 0,
    "lang": "en",
    "updated": 0
  },
  {
    "id": "c4585fb4-c534-4cee-a9ac-989e2c92ad81",
    "data": [
      {
        "text": "What are you?",
        "userDefined": false
      }
    ],
    "isTemplate": false,
    "count": 0,
    "lang": "en",
    "updated": 0
  },
  {
    "id": "a0b3acca-529b-478e-b2f8-7bbaf2598625",
    "data": [
      {
        "text": "Who are you?",
        "userDefined": false
      }
    ],
    "isTemplate": false,
    "count": 0,
    "lang": "en",
    "updated": 0
  },
  {
    "id": "5f62ec87-4294-40b1-b4e0-2f503df7bb32",
    "data": [
      {
        "text": "What is NemoBot?",
        "userDefined": false
      }
    ],
    "isTemplate": false,
    "count": 0,
    "lang": "en",
    "updated": 0
  }
]