[
  {
    "id": "d4511032-2a75-4a0d-b58b-752dee8d6b5d",
    "data": [
      {
        "text": "Tell me about yourself",
        "userDefined": false
      }
    ],
    "isTemplate": false,
    "count": 1,
    "lang": "en",
    "updated": 0
  },
  {
    "id": "3b59be81-d451-49e7-8f83-abd22a5f5e2c",
    "data": [
      {
        "text": "Ok, tell me more.",
        "userDefined": false
      }
    ],
    "isTemplate": false,
    "count": 0,
    "lang": "en",
    "updated": 0
  },
  {
    "id": "fe6009d0-6542-4e28-a590-b198f11aa734",
    "data": [
      {
        "text": "I would like to learn more about you",
        "userDefined": false
      }
    ],
    "isTemplate": false,
    "count": 0,
    "lang": "en",
    "updated": 0
  },
  {
    "id": "ad8b792b-d707-43ae-811f-f1d568479542",
    "data": [
      {
        "text": "Tell me more about yourself",
        "userDefined": false
      }
    ],
    "isTemplate": false,
    "count": 0,
    "lang": "en",
    "updated": 0
  },
  {
    "id": "022110a1-c8ed-43c3-9fac-8153a866912e",
    "data": [
      {
        "text": "Tell me more about Nemo Bot",
        "userDefined": false
      }
    ],
    "isTemplate": false,
    "count": 0,
    "lang": "en",
    "updated": 0
  }
]