[
  {
    "id": "3ad5ba89-24a2-4b3d-8a2d-f808c77ab683",
    "data": [
      {
        "text": "more about nautilus",
        "userDefined": false
      }
    ],
    "isTemplate": false,
    "count": 0,
    "lang": "en",
    "updated": 0
  },
  {
    "id": "2fa48594-e115-41d6-a9c6-9db59abe0dd0",
    "data": [
      {
        "text": "What is NSTL?",
        "userDefined": false
      }
    ],
    "isTemplate": false,
    "count": 0,
    "lang": "en",
    "updated": 0
  },
  {
    "id": "3a6277a9-0db2-42a1-8632-a06b4d0232f8",
    "data": [
      {
        "text": "Tell me more about NSTL",
        "userDefined": false
      }
    ],
    "isTemplate": false,
    "count": 0,
    "lang": "en",
    "updated": 0
  },
  {
    "id": "873cf7ec-958e-4f28-8657-b1cade61e415",
    "data": [
      {
        "text": "NSTL",
        "userDefined": false
      }
    ],
    "isTemplate": false,
    "count": 0,
    "lang": "en",
    "updated": 0
  },
  {
    "id": "973baea5-4386-4c56-83cf-b2fff257a9c1",
    "data": [
      {
        "text": "Nautilus Software Technologies Limited",
        "userDefined": false
      }
    ],
    "isTemplate": false,
    "count": 0,
    "lang": "en",
    "updated": 0
  },
  {
    "id": "9cde00bd-1cac-44f7-bec9-ff57c13fc903",
    "data": [
      {
        "text": "Nautilus",
        "userDefined": false
      }
    ],
    "isTemplate": false,
    "count": 0,
    "lang": "en",
    "updated": 0
  },
  {
    "id": "4c6ae4ee-3e46-4da9-adcc-0c3886fd72e1",
    "data": [
      {
        "text": "What is Nautilus?",
        "userDefined": false
      }
    ],
    "isTemplate": false,
    "count": 0,
    "lang": "en",
    "updated": 0
  },
  {
    "id": "fdad945e-766a-4b23-a477-5602c452bce9",
    "data": [
      {
        "text": "Tell me more about Nautilus Software Technologies Limited",
        "userDefined": false
      }
    ],
    "isTemplate": false,
    "count": 0,
    "lang": "en",
    "updated": 0
  },
  {
    "id": "78e320ae-9d6e-4117-817f-c0f7585c2ee6",
    "data": [
      {
        "text": "What is Nautilus Software?",
        "userDefined": false
      }
    ],
    "isTemplate": false,
    "count": 0,
    "lang": "en",
    "updated": 0
  },
  {
    "id": "c6dc0f7f-203c-4c24-953f-8f6918c294b9",
    "data": [
      {
        "text": "What is Nautilus Software Technologies Limited?",
        "userDefined": false
      }
    ],
    "isTemplate": false,
    "count": 0,
    "lang": "en",
    "updated": 0
  },
  {
    "id": "627cf7dd-fb89-4da2-b4e6-73b93f1c0b5d",
    "data": [
      {
        "text": "Ok, tell me more about Nautilus",
        "userDefined": false
      }
    ],
    "isTemplate": false,
    "count": 0,
    "lang": "en",
    "updated": 0
  }
]