[
  {
    "id": "ff28cb16-84d4-402b-907c-5056949c0bb8",
    "data": [
      {
        "text": "What should I do now?",
        "userDefined": false
      }
    ],
    "isTemplate": false,
    "count": 0,
    "lang": "en",
    "updated": 0
  },
  {
    "id": "80c2b0c9-2288-4775-8cb4-50d6e8497fe0",
    "data": [
      {
        "text": "What do I do?",
        "userDefined": false
      }
    ],
    "isTemplate": false,
    "count": 0,
    "lang": "en",
    "updated": 0
  },
  {
    "id": "6511f670-a3c5-4e30-b83c-02682ca7e943",
    "data": [
      {
        "text": "What things can you do?",
        "userDefined": false
      }
    ],
    "isTemplate": false,
    "count": 0,
    "lang": "en",
    "updated": 0
  },
  {
    "id": "99e50426-8f9c-4e68-8bd2-e241280986a6",
    "data": [
      {
        "text": "What can I do?",
        "userDefined": false
      }
    ],
    "isTemplate": false,
    "count": 0,
    "lang": "en",
    "updated": 0
  },
  {
    "id": "482e34b7-1a4a-406b-a8c6-6c89980a42f5",
    "data": [
      {
        "text": "What can you do?",
        "userDefined": false
      }
    ],
    "isTemplate": false,
    "count": 0,
    "lang": "en",
    "updated": 0
  },
  {
    "id": "ab93f467-faeb-4047-833a-1ceb6b2fadaf",
    "data": [
      {
        "text": "What is your purpose?",
        "userDefined": false
      }
    ],
    "isTemplate": false,
    "count": 0,
    "lang": "en",
    "updated": 0
  }
]