[
  {
    "id": "76d34655-79fb-4439-b111-59ed0ca2a004",
    "data": [
      {
        "text": "Do you have a name?",
        "userDefined": false
      }
    ],
    "isTemplate": false,
    "count": 0,
    "lang": "en",
    "updated": 0
  },
  {
    "id": "bc57464a-979b-45a8-a031-ca9d88a3ef1d",
    "data": [
      {
        "text": "What should I call you?",
        "userDefined": false
      }
    ],
    "isTemplate": false,
    "count": 0,
    "lang": "en",
    "updated": 0
  },
  {
    "id": "5bf0514e-59bc-4a3c-b35b-11bfa0a0bd5b",
    "data": [
      {
        "text": "What\u0027s your name?",
        "userDefined": false
      }
    ],
    "isTemplate": false,
    "count": 0,
    "lang": "en",
    "updated": 0
  },
  {
    "id": "9a382e21-88c5-4c61-9282-50ff1bbe0beb",
    "data": [
      {
        "text": "What are you called?",
        "userDefined": false
      }
    ],
    "isTemplate": false,
    "count": 0,
    "lang": "en",
    "updated": 0
  },
  {
    "id": "42955c01-2439-4c5a-990c-93543bb0151f",
    "data": [
      {
        "text": "What is your name?",
        "userDefined": false
      }
    ],
    "isTemplate": false,
    "count": 0,
    "lang": "en",
    "updated": 0
  }
]