[
  {
    "id": "c38195d9-194f-42c4-9453-3a29bcbc32f3",
    "data": [
      {
        "text": "Official programs",
        "userDefined": false
      }
    ],
    "isTemplate": false,
    "count": 0,
    "lang": "en",
    "updated": 0
  },
  {
    "id": "0ac2221b-3d56-4ee4-9548-632ea9fc5c1b",
    "data": [
      {
        "text": "Official games",
        "userDefined": false
      }
    ],
    "isTemplate": false,
    "count": 0,
    "lang": "en",
    "updated": 0
  },
  {
    "id": "79fe1a45-e36b-4b7e-b0e4-008f8b9b9f76",
    "data": [
      {
        "text": "What games do you have?",
        "userDefined": false
      }
    ],
    "isTemplate": false,
    "count": 0,
    "lang": "en",
    "updated": 0
  },
  {
    "id": "03134af4-ea98-4e08-bd8c-01f099aa1467",
    "data": [
      {
        "text": "Can you display all games?",
        "userDefined": false
      }
    ],
    "isTemplate": false,
    "count": 0,
    "lang": "en",
    "updated": 0
  },
  {
    "id": "aaa79eee-fff3-473b-b7e2-95358afec891",
    "data": [
      {
        "text": "Show all games",
        "userDefined": false
      }
    ],
    "isTemplate": false,
    "count": 0,
    "lang": "en",
    "updated": 0
  },
  {
    "id": "a27e7c13-f20b-4dd6-875c-26a6edce03f1",
    "data": [
      {
        "text": "Run programs",
        "userDefined": false
      }
    ],
    "isTemplate": false,
    "count": 0,
    "lang": "en",
    "updated": 0
  },
  {
    "id": "31336882-7fdb-4596-bd80-e4a0191bd5d8",
    "data": [
      {
        "text": "Play Games",
        "userDefined": false
      }
    ],
    "isTemplate": false,
    "count": 0,
    "lang": "en",
    "updated": 0
  },
  {
    "id": "8b0ceabc-6bc1-4a0c-93e8-6abcb741eac9",
    "data": [
      {
        "text": "Programs",
        "userDefined": false
      }
    ],
    "isTemplate": false,
    "count": 0,
    "lang": "en",
    "updated": 0
  },
  {
    "id": "e09298af-02be-4edf-b544-b3f968df2ba9",
    "data": [
      {
        "text": "Games",
        "userDefined": false
      }
    ],
    "isTemplate": false,
    "count": 0,
    "lang": "en",
    "updated": 0
  },
  {
    "id": "3b7132ef-330c-4afd-a7ba-3f90fe398ca4",
    "data": [
      {
        "text": "Can I see your programs?",
        "userDefined": false
      }
    ],
    "isTemplate": false,
    "count": 0,
    "lang": "en",
    "updated": 0
  },
  {
    "id": "987a394b-4453-4615-8a8f-09395059fbd1",
    "data": [
      {
        "text": "Can I see your games?",
        "userDefined": false
      }
    ],
    "isTemplate": false,
    "count": 0,
    "lang": "en",
    "updated": 0
  },
  {
    "id": "ac2bf17d-f4b6-4384-82e9-f7f2e16816c0",
    "data": [
      {
        "text": "Show programs",
        "userDefined": false
      }
    ],
    "isTemplate": false,
    "count": 0,
    "lang": "en",
    "updated": 0
  },
  {
    "id": "bb1c9060-3207-4f1e-9560-5e7ff3379294",
    "data": [
      {
        "text": "Show games",
        "userDefined": false
      }
    ],
    "isTemplate": false,
    "count": 0,
    "lang": "en",
    "updated": 0
  },
  {
    "id": "f8bc6171-f6a9-4f5c-964a-0b13771cdbd9",
    "data": [
      {
        "text": "What programs do you have?",
        "userDefined": false
      }
    ],
    "isTemplate": false,
    "count": 1,
    "lang": "en",
    "updated": 0
  }
]